State/Territory,State Policy Record URL,Names of Executive Orders,Primary topic tag (from Names of Executive Orders),Executive Order Topic tag(s),Executive Orders,Total Number of Executive Orders,Names of Legislations,Primary topic tag (from Names of Legislations),Bill Action tag(s),Bill Status,Bill Topic Tag(s),AI Legislations,Total Number of Legislation,Policies Record URL,Names of Administrative Rules,Administrative Rules,Total Number of Administrative Rules,Name of Digital Service Teams2,DST Record URL,Name of Digital Service Teams,Location in Organization,"Mandate, Enabling Legislation, etc.",Operational Status,Website,Digital Service Teams,Title of Digital Service Impact Report,Impact Report Record URL,Report Link,Storytelling Techniques,Publication Year,Digital Service Impact Reports,State CDO Tracker,CDO Record URL,Chief Data Officers,CDO Year Established,CDO Enabling Legislation,Design System Scan,Design System Record URL,Design Systems,Design System URL,Design System Solution/Vendor,Design System Open Source Status,Design System Source Code,State Abbreviation
Alabama,https://airtable.com/appo1YECtG1ULR8vU/shrzRBgmiSH4peNX5/tblHO0Llugn7V5hQx/rec2dfyBIx3XjlnEr,Executive Order 9 (2015),broadband,broadband,Yes,1,,,,,,No,0,https://airtable.com/appJHkVlGCmNLPLXL/tbl77peyBYPkbWta5/viwYAhX4Sc5kZPWyx/rec2dfyBIx3XjlnEr,,,0,,,,,,,,No,,,,,,No,Alabama,https://airtable.com/app93rWNIg1GnSsn6/shrWd98AFCAanlMwA/tblHLPzfWeha3r6a0/recXVHZrywoajTtwt,No,,,Alabama,https://airtable.com/appo1YECtG1ULR8vU/shrHWDgYfIZLVwCr3/tblwgy7p4b3lyVIdm/recqPOOQr1p8VPm6e,No,,,,,AL
Alaska,https://airtable.com/appo1YECtG1ULR8vU/shrzRBgmiSH4peNX5/tblHO0Llugn7V5hQx/recmusEPGo7SrW66C,"Administrative Order 284 (2017),Administrative Order 298 (2018),Administrative Order 322 (2021)","administrative reorganization,interoperability,broadband","administrative reorganization, information technology, interoperability, public safety, information technology, broadband",Yes,3,,,,,,No,0,https://airtable.com/appJHkVlGCmNLPLXL/tbl77peyBYPkbWta5/viwYAhX4Sc5kZPWyx/recmusEPGo7SrW66C,,,0,,,,,,,,No,,,,,,No,Alaska,https://airtable.com/app93rWNIg1GnSsn6/shrWd98AFCAanlMwA/tblHLPzfWeha3r6a0/recl3uh72iMk84Q3W,"No, Vacant",2019,https://gov.alaska.gov/admin-orders/administrative-order-no-314/.,Alaska,https://airtable.com/appo1YECtG1ULR8vU/shrHWDgYfIZLVwCr3/tblwgy7p4b3lyVIdm/recRHN5lWzPh1gECQ,No,,,,,AK
American Samoa,https://airtable.com/appo1YECtG1ULR8vU/shrzRBgmiSH4peNX5/tblHO0Llugn7V5hQx/recIrjBN8syji8tDp,"Executive Order 005-2021 (2021),Executive Order 007-2023 (2023)","administrative reorganization,broadband","administrative reorganization, information technology, broadband, administrative reorganization",Yes,2,,,,,,No,0,https://airtable.com/appJHkVlGCmNLPLXL/tbl77peyBYPkbWta5/viwYAhX4Sc5kZPWyx/recIrjBN8syji8tDp,,,0,,,,,,,,No,,,,,,No,,,Unverified,,,American Samoa,https://airtable.com/appo1YECtG1ULR8vU/shrHWDgYfIZLVwCr3/tblwgy7p4b3lyVIdm/recafNjQJNdvvLQJo,Unverified,,,,,AS
Arizona,https://airtable.com/appo1YECtG1ULR8vU/shrzRBgmiSH4peNX5/tblHO0Llugn7V5hQx/recP6oOUtFa6ENwvT,,,,No,0,"H 2482,HB 2342","criminal/legal system,blockchain","regulate use - government, appropriation, regulate use - private sector, regulate use - government","Enacted,Enacted","regulate use - government, appropriation, regulate use - private sector, regulate use - government",Yes,2,https://airtable.com/appJHkVlGCmNLPLXL/tbl77peyBYPkbWta5/viwYAhX4Sc5kZPWyx/recP6oOUtFa6ENwvT,,,0,Arizona Digital Solutions Office,https://airtable.com/appo1YECtG1ULR8vU/shrKcDXzyyxaGriZc/tblPnQkf81eEzg0Dx/recObrJBOm6MajTBi,Arizona Digital Solutions Office,Arizona Department of Administration â€“ Arizona Strategic Enterprise Technology (ASET) Division,,Currently operational,https://aset.az.gov/programs/digital-solutions-office,Yes,,,,,,No,Arizona,https://airtable.com/app93rWNIg1GnSsn6/shrWd98AFCAanlMwA/tblHLPzfWeha3r6a0/rechtiMYWDvCXkAA3,"Yes, State CDO",2024,,Arizona,https://airtable.com/appo1YECtG1ULR8vU/shrHWDgYfIZLVwCr3/tblwgy7p4b3lyVIdm/recctpRpSve5l0T9C,No,,,,,AZ
Arkansas,https://airtable.com/appo1YECtG1ULR8vU/shrzRBgmiSH4peNX5/tblHO0Llugn7V5hQx/recpoIaTTxesOVK0q,,,,No,0,"S 656,HB 1958",data sharing,"regulate use - government, study, task force/working group/commission/etc, regulate use - government, oversight/governence","Enacted,Enacted","regulate use - government, study, task force/working group/commission/etc, regulate use - government, oversight/governence",Yes,2,https://airtable.com/appJHkVlGCmNLPLXL/tbl77peyBYPkbWta5/viwYAhX4Sc5kZPWyx/recpoIaTTxesOVK0q,,,0,,,,,,,,No,,,,,,No,Arkansas,https://airtable.com/app93rWNIg1GnSsn6/shrWd98AFCAanlMwA/tblHLPzfWeha3r6a0/recZqIg8KzrAbnXeN,"Yes, State CDO",2017,https://www.arkleg.state.ar.us/Acts/FTPDocument?type=pdf&ddBienniumSession=2017%2F2017R&file=Act912.pdf,Arkansas,https://airtable.com/appo1YECtG1ULR8vU/shrHWDgYfIZLVwCr3/tblwgy7p4b3lyVIdm/recqWI7IqXrM2dUkf,No,,,,,AR
California,https://airtable.com/appo1YECtG1ULR8vU/shrzRBgmiSH4peNX5/tblHO0Llugn7V5hQx/rec7apQK1F74eoWh8,"Executive Order B-34-15 (2015),Executive Order N-12-23 (2023)","cybersecurity,artificial intelligence","cybersecurity, data sharing, artificial intelligence",Yes,2,"S 36,A 1228,A 302,A 107,S 108","criminal/legal system,public safety","regulate use - government, regulate use - government, regulate use - government, oversight/governence, regulate use - government, appropriation, regulate use - government, appropriation","Enacted,Enacted,Enacted,Enacted,Enacted","regulate use - government, regulate use - government, regulate use - government, oversight/governence, regulate use - government, appropriation, regulate use - government, appropriation",Yes,5,https://airtable.com/appJHkVlGCmNLPLXL/tbl77peyBYPkbWta5/viwYAhX4Sc5kZPWyx/rec7apQK1F74eoWh8,,,0,California Office of Data and Innovation (ODI),https://airtable.com/appo1YECtG1ULR8vU/shrKcDXzyyxaGriZc/tblPnQkf81eEzg0Dx/recLN0zr1mc5DQi17,California Office of Data and Innovation (ODI),Government Operations Agency,,Currently operational,https://innovation.ca.gov/,Yes,"""Legislative Report: July 1, 2022-July 1, 2023""",https://airtable.com/appo1YECtG1ULR8vU/shrILQJaYHqoeyG4L/tblCe1MI3YpHHbuY1/recOH6jlbnYrrxaqX,https://beeckcenter.org/43RGiOA,"Quantitative Metrics,Data Visualization,Case Studies",2023,Yes,California,https://airtable.com/app93rWNIg1GnSsn6/shrWd98AFCAanlMwA/tblHLPzfWeha3r6a0/recoEUEr66muCqmtv,"Yes, State CDO",2019,https://leginfo.legislature.ca.gov/faces/codes_displaySection.xhtml?lawCode=GOV&sectionNum=12815,California,https://airtable.com/appo1YECtG1ULR8vU/shrHWDgYfIZLVwCr3/tblwgy7p4b3lyVIdm/rec42oGKLc23kRfFD,In Development,https://designsystem.webstandards.ca.gov/,In-house (custom),Yes,https://github.com/Office-of-Digital-Services/California-Design-System,CA
Colorado,https://airtable.com/appo1YECtG1ULR8vU/shrzRBgmiSH4peNX5/tblHO0Llugn7V5hQx/recLeBaFNqL7Dbiy7,"Executive Order B-2018-002 (2018),Executive Order B-2019-013 (2019)","blockchain,digital identity","blockchain, digital identity",Yes,2,S 113,facial recognition,"regulate use - government, study",Enacted,"regulate use - government, study",Yes,1,https://airtable.com/appJHkVlGCmNLPLXL/tbl77peyBYPkbWta5/viwYAhX4Sc5kZPWyx/recLeBaFNqL7Dbiy7,,,0,"Colorado Behavioral Health Administration's Technology and Data (TaDa) Team,Colorado Digital Service (CDS)","https://airtable.com/appo1YECtG1ULR8vU/shrKcDXzyyxaGriZc/tblPnQkf81eEzg0Dx/recf8Ijzm7gfkEcYU, https://airtable.com/appo1YECtG1ULR8vU/shrKcDXzyyxaGriZc/tblPnQkf81eEzg0Dx/rec41hi1dy2pwdV30","Colorado Behavioral Health Administration's Technology and Data (TaDa) Team, Colorado Digital Service (CDS)","Behavioral Health Administration, The Governor's Office of Information Technology ",,"Currently operational,Currently operational",https://oit.colorado.gov/colorado-digital-service,Yes,"""Colorado Digital Service, First Five Years""",https://airtable.com/appo1YECtG1ULR8vU/shrILQJaYHqoeyG4L/tblCe1MI3YpHHbuY1/receaxBrHTA0RFtbK,https://beeckcenter.org/4cEev6L,"Interactive Dashboards,Quantitative Metrics,Case Studies,Testimonials",2024,Yes,Colorado,https://airtable.com/app93rWNIg1GnSsn6/shrWd98AFCAanlMwA/tblHLPzfWeha3r6a0/rec14T5wH8QBFxi2c,"Yes, State CDO",2010,https://leg.colorado.gov/sites/default/files/2021a_1236_signed.pdf,Colorado,https://airtable.com/appo1YECtG1ULR8vU/shrHWDgYfIZLVwCr3/tblwgy7p4b3lyVIdm/recRo94ovkow9Fg41,In Development,https://dcs.colorado.gov/ids/digital-guidelines-and-design-system,USWDS based / Colorado Digital Service,No,,CO
Connecticut,https://airtable.com/appo1YECtG1ULR8vU/shrzRBgmiSH4peNX5/tblHO0Llugn7V5hQx/recdbvqyaTliyVZhx,Executive Order 61 (2017),information technology,"information technology, standards",Yes,1,"S 1103,H 5524","civil rights,education","regulate use - government, oversight/governence, regulate use - government, training/employment investment, appropriation","Enacted,Enacted","regulate use - government, oversight/governence, regulate use - government, training/employment investment, appropriation",Yes,2,https://airtable.com/appJHkVlGCmNLPLXL/tbl77peyBYPkbWta5/viwYAhX4Sc5kZPWyx/recdbvqyaTliyVZhx,,,0,Connecticut Digital Government Team,https://airtable.com/appo1YECtG1ULR8vU/shrKcDXzyyxaGriZc/tblPnQkf81eEzg0Dx/recw1uXJz2MlnSQ92,Connecticut Digital Government Team,Department of Administrative Services' Bureau of Information Technology Solutions,,Currently operational,https://portal.ct.gov/das/services-for-agencies-and-municipalities/innovation-in-technology?language=en_US,Yes,,,,,,No,Connecticut,https://airtable.com/app93rWNIg1GnSsn6/shrWd98AFCAanlMwA/tblHLPzfWeha3r6a0/recMBtNslbCqWMUIf,"Yes, State CDO",2014,https://www.cga.ct.gov/current/pub/chap_050.htm#sec_4-67p,Connecticut,https://airtable.com/appo1YECtG1ULR8vU/shrHWDgYfIZLVwCr3/tblwgy7p4b3lyVIdm/reco4TjvcHhiMhLti,Yes,https://portal.ct.gov/sitecore-center?language=en_US,Tyler Technologies,No,,CT
Delaware,https://airtable.com/appo1YECtG1ULR8vU/shrzRBgmiSH4peNX5/tblHO0Llugn7V5hQx/recPp19MgkWMgU6ei,"Executive Order 39 (2013),Executive Order 55 (2015),Executive Order 4 (2017)","interoperability,cybersecurity,shared services","interoperability, public safety, information technology, cybersecurity, data sharing, shared services, information technology",Yes,3,H 333,,"regulate use - government, task force/working group/commission/etc, study",Enacted,"regulate use - government, task force/working group/commission/etc, study",Yes,1,https://airtable.com/appJHkVlGCmNLPLXL/tbl77peyBYPkbWta5/viwYAhX4Sc5kZPWyx/recPp19MgkWMgU6ei,,,0,Delaware Government Information Center,https://airtable.com/appo1YECtG1ULR8vU/shrKcDXzyyxaGriZc/tblPnQkf81eEzg0Dx/rectQaKQ01jnRVrY1,Delaware Government Information Center,Department of State,https://delcode.delaware.gov/title29/c087/sc01/index.html#8707,Currently operational,https://gic.delaware.gov/,Yes,,,,,,No,Delaware,https://airtable.com/app93rWNIg1GnSsn6/shrWd98AFCAanlMwA/tblHLPzfWeha3r6a0/rec8zHjJoV0KN4Iwk,"Yes, State CDO Equivalent",2018,https://governor.delaware.gov/executive-orders/eo18/,Delaware,https://airtable.com/appo1YECtG1ULR8vU/shrHWDgYfIZLVwCr3/tblwgy7p4b3lyVIdm/rec8P2OsjCP7OzcO1,Yes,https://gic.delaware.gov/welcome-to-lighthouse/,In-house,Yes,,DE
District of Columbia,https://airtable.com/appo1YECtG1ULR8vU/shrzRBgmiSH4peNX5/tblHO0Llugn7V5hQx/recnhMP4UBv4VbeGM,,,,Yes,0,,,,,,No,0,https://airtable.com/appJHkVlGCmNLPLXL/tbl77peyBYPkbWta5/viwYAhX4Sc5kZPWyx/recnhMP4UBv4VbeGM,,,0,,,,,,,,No,,,,,,No,Washington D.C.,https://airtable.com/app93rWNIg1GnSsn6/shrWd98AFCAanlMwA/tblHLPzfWeha3r6a0/recJor1i5723Ey2o8,"Yes, State CDO",2017,https://octo.dc.gov/sites/default/files/dc/sites/octo/page_content/attachments/2017-115_District-of-Columbia-Data-Policy.pdf,District of Columbia,https://airtable.com/appo1YECtG1ULR8vU/shrHWDgYfIZLVwCr3/tblwgy7p4b3lyVIdm/rec4T9qn3qHNRHeFD,Unverified,,,,,DC
Florida,https://airtable.com/appo1YECtG1ULR8vU/shrzRBgmiSH4peNX5/tblHO0Llugn7V5hQx/recyXgDaMim65kbQi,"Executive Order 15-134 (2015),Executive Order 22-216 (2022)","criminal/legal system,cybersecurity","criminal/legal system, cybersecurity",Yes,2,"S 2500,H 5001,H 1361,S 1680,S 7018","public health,education,criminal/legal system,public health","regulate use - government, appropriation, regulate use - health, regulate use - government, appropriation, regulate use - government, training/employment investment, regulate use - government, regulate use - private sector, oversight/governence, notification/disclosure, regulate use - government, regulate use - private sector, regulate use - health, task force/working group/commission/etc, study, appropriation","Enacted,Enacted,Enacted,Enacted,Enacted","regulate use - government, appropriation, regulate use - health, regulate use - government, appropriation, regulate use - government, training/employment investment, regulate use - government, regulate use - private sector, oversight/governence, notification/disclosure, regulate use - government, regulate use - private sector, regulate use - health, task force/working group/commission/etc, study, appropriation",Yes,5,https://airtable.com/appJHkVlGCmNLPLXL/tbl77peyBYPkbWta5/viwYAhX4Sc5kZPWyx/recyXgDaMim65kbQi,,,0,,,,,,,,No,,,,,,No,Florida,https://airtable.com/app93rWNIg1GnSsn6/shrWd98AFCAanlMwA/tblHLPzfWeha3r6a0/recpNSljYgP8KccWh,"Yes, State CDO",2017,https://www.flsenate.gov/Session/Bill/2017/2500/BillText/er/PDF,Florida,https://airtable.com/appo1YECtG1ULR8vU/shrHWDgYfIZLVwCr3/tblwgy7p4b3lyVIdm/rec9jMcEVGbwKVBtd,No,,,,,FL
Georgia,https://airtable.com/appo1YECtG1ULR8vU/shrzRBgmiSH4peNX5/tblHO0Llugn7V5hQx/recl4q0dF6UvQQ0Dc,"Executive Order 06-25-15-01 (2015),Executive Order 08-13-19-01 (2019)","cybersecurity,cybersecurity","cybersecurity, cybersecurity",Yes,2,"H 18,H 203",public health,"regulate use - government, appropriation, regulate use - government, regulate use - private sector, regulate use - health","Enacted,Enacted","regulate use - government, appropriation, regulate use - government, regulate use - private sector, regulate use - health",Yes,2,https://airtable.com/appJHkVlGCmNLPLXL/tbl77peyBYPkbWta5/viwYAhX4Sc5kZPWyx/recl4q0dF6UvQQ0Dc,,,0,,,,,,,,No,,,,,,No,Georgia,https://airtable.com/app93rWNIg1GnSsn6/shrWd98AFCAanlMwA/tblHLPzfWeha3r6a0/recgwFdTiy7OoT1bS,No,,http://www.legis.ga.gov/Legislation/20192020/180726.pdf,Georgia,https://airtable.com/appo1YECtG1ULR8vU/shrHWDgYfIZLVwCr3/tblwgy7p4b3lyVIdm/rec0w9GciOJIVvsed,Yes,https://digital.georgia.gov/services/orchard-design-system,Lullabot,,,GA
Guam,https://airtable.com/appo1YECtG1ULR8vU/shrzRBgmiSH4peNX5/tblHO0Llugn7V5hQx/rec0JuboFR8Fr4FkL,"Executive Order 2014-10 (2014),Executive Order 2015-09 (2015)","interoperability,social media","interoperability, public safety, broadband, social media",Yes,2,,,,,,No,0,https://airtable.com/appJHkVlGCmNLPLXL/tbl77peyBYPkbWta5/viwYAhX4Sc5kZPWyx/rec0JuboFR8Fr4FkL,,,0,,,,,,,,No,,,,,,No,,,Unverified,,,Guam,https://airtable.com/appo1YECtG1ULR8vU/shrHWDgYfIZLVwCr3/tblwgy7p4b3lyVIdm/recSifAyF8jyfej5s,Unverified,,,,,GU
Hawaii,https://airtable.com/appo1YECtG1ULR8vU/shrzRBgmiSH4peNX5/tblHO0Llugn7V5hQx/recK4WLWuH1Tn9Vx6,Executive Order 2018-3 (2018),net neutrality,net neutrality,Yes,1,S 2284,emergency management,regulate use - government,Enacted,regulate use - government,Yes,1,https://airtable.com/appJHkVlGCmNLPLXL/tbl77peyBYPkbWta5/viwYAhX4Sc5kZPWyx/recK4WLWuH1Tn9Vx6,,,0,,,,,,,,No,,,,,,No,Hawaii,https://airtable.com/app93rWNIg1GnSsn6/shrWd98AFCAanlMwA/tblHLPzfWeha3r6a0/recQA18RhleuHEhk4,"Yes, State CDO",2022,https://trackbill.com/bill/hawaii-house-bill-1885-government-data-chief-data-officer-data-task-force-office-of-enterprise-technology-services/2203744/,Hawaii,https://airtable.com/appo1YECtG1ULR8vU/shrHWDgYfIZLVwCr3/tblwgy7p4b3lyVIdm/recJGWGgduPnQdYV7,No,,,,,HI
Idaho,https://airtable.com/appo1YECtG1ULR8vU/shrzRBgmiSH4peNX5/tblHO0Llugn7V5hQx/recnzDgcNP1bsIatg,"Executive Order 2017-02 (2017),Executive Order 2019-07","cybersecurity,broadband","cybersecurity, broadband",Yes,2,H 118,criminal/legal system,regulate use - government,Enacted,regulate use - government,Yes,1,https://airtable.com/appJHkVlGCmNLPLXL/tbl77peyBYPkbWta5/viwYAhX4Sc5kZPWyx/recnzDgcNP1bsIatg,,,0,,,,,,,,No,,,,,,No,Idaho,https://airtable.com/app93rWNIg1GnSsn6/shrWd98AFCAanlMwA/tblHLPzfWeha3r6a0/rech4tytXdxlCuiKc,"No, Vacant",2020,n/a,Idaho,https://airtable.com/appo1YECtG1ULR8vU/shrHWDgYfIZLVwCr3/tblwgy7p4b3lyVIdm/rec7wGUbzWSka3zX1,No,,,,,ID
Illinois,https://airtable.com/appo1YECtG1ULR8vU/shrzRBgmiSH4peNX5/tblHO0Llugn7V5hQx/recDUN3wuNkvLnDbI,"Executive Order 14-01 (2014),Executive Order 14-06 (2014),Executive Order 15-06 (2015),Executive Order 16-01 (2016) ,Executive Order 16-06 (2016),Executive Order 17-04 (2017),Executive Order 18-08 (2018),Executive Order 22-08 (2022),Executive Order 23-04 (2022)","public health,criminal/legal system,information technology,administrative reorganization,case/application processing,case/application processing,case/application processing,cybersecurity,public health","public health, interoperability, criminal/legal system, interoperability, data sharing, information technology, shared services, administrative reorganization, information technology, case/application processing, case/application processing, case/application processing, technology modernization, cybersecurity, public health, website/portal, interoperability",Yes,9,"S 1993,H 5395",public health,"regulate use - government, regulate use - government, regulate use - private sector, regulate use - health","Enacted,Enacted","regulate use - government, regulate use - government, regulate use - private sector, regulate use - health",Yes,2,https://airtable.com/appJHkVlGCmNLPLXL/tbl77peyBYPkbWta5/viwYAhX4Sc5kZPWyx/recDUN3wuNkvLnDbI,,,0,,,,,,,,No,,,,,,No,Illinois,https://airtable.com/app93rWNIg1GnSsn6/shrWd98AFCAanlMwA/tblHLPzfWeha3r6a0/recawKaAuIAsQV9dP,"No, Vacant",2017,https://www.ilga.gov/legislation/ilcs/ilcs3.asp?ActID=3527&ChapterID=5,Illinois,https://airtable.com/appo1YECtG1ULR8vU/shrHWDgYfIZLVwCr3/tblwgy7p4b3lyVIdm/recYQ1Q0gU0PsZARL,Yes,https://wcmauthorguide.illinois.gov/,,,,IL
Indiana,https://airtable.com/appo1YECtG1ULR8vU/shrzRBgmiSH4peNX5/tblHO0Llugn7V5hQx/recTqtQa28ZrvXB7d,Executive Order 16-01 (2016),cybersecurity,cybersecurity,Yes,1,S 150,,"regulate use - government, task force/working group/commission/etc, study",Enacted,"regulate use - government, task force/working group/commission/etc, study",Yes,1,https://airtable.com/appJHkVlGCmNLPLXL/tbl77peyBYPkbWta5/viwYAhX4Sc5kZPWyx/recTqtQa28ZrvXB7d,,,0,,,,,,,,No,,,,,,No,Indiana,https://airtable.com/app93rWNIg1GnSsn6/shrWd98AFCAanlMwA/tblHLPzfWeha3r6a0/rec0ovugpSDQ6SvgV,"Yes, State CDO",2017,https://iga.in.gov/laws/2024/ic/titles/4#4-3-26-9,Indiana,https://airtable.com/appo1YECtG1ULR8vU/shrHWDgYfIZLVwCr3/tblwgy7p4b3lyVIdm/recoOMJ4gtkzWRNbm,No,,,,,IN
Iowa,https://airtable.com/appo1YECtG1ULR8vU/shrzRBgmiSH4peNX5/tblHO0Llugn7V5hQx/rec1ioyFBCK2edvOG,"Executive Order 87 (2015),Executive Order 01 (2015)","cybersecurity,education","cybersecurity, education, website/portal",Yes,2,,,,,,No,0,https://airtable.com/appJHkVlGCmNLPLXL/tbl77peyBYPkbWta5/viwYAhX4Sc5kZPWyx/rec1ioyFBCK2edvOG,,,0,,,,,,,,No,,,,,,No,Iowa,https://airtable.com/app93rWNIg1GnSsn6/shrWd98AFCAanlMwA/tblHLPzfWeha3r6a0/reckQAFWxb1I3fQW2,"No, Vacant",2019,,Iowa,https://airtable.com/appo1YECtG1ULR8vU/shrHWDgYfIZLVwCr3/tblwgy7p4b3lyVIdm/rec3iZK4RCd3G9VWG,Yes,https://dxtraining.iowa.gov/,Lullabot,,,IA
Kansas,https://airtable.com/appo1YECtG1ULR8vU/shrzRBgmiSH4peNX5/tblHO0Llugn7V5hQx/rectb9FisBmfXYcia,"Executive Order 18-08 (2018),Executive Order 20-67 (2020)","website/portal,broadband","website/portal, public records, broadband",Yes,2,,,,,,No,0,https://airtable.com/appJHkVlGCmNLPLXL/tbl77peyBYPkbWta5/viwYAhX4Sc5kZPWyx/rectb9FisBmfXYcia,,,0,,,,,,,,No,,,,,,No,Kansas,https://airtable.com/app93rWNIg1GnSsn6/shrWd98AFCAanlMwA/tblHLPzfWeha3r6a0/recm4JNgBbvJrn0K0,"Yes, State CDO",2024,,Kansas,https://airtable.com/appo1YECtG1ULR8vU/shrHWDgYfIZLVwCr3/tblwgy7p4b3lyVIdm/recqdNpunVfCBgBk7,No,,,,,KS
Kentucky,https://airtable.com/appo1YECtG1ULR8vU/shrzRBgmiSH4peNX5/tblHO0Llugn7V5hQx/recyLcAKwjolrgfnh,"Executive Order 2013-194 (2013),Executive Order 2014-267 (2014),Executive Order 2016-270 (2016),Executive Order 2017-533 (2017)","administrative reorganization,public health,broadband,administrative reorganization","administrative reorganization, information technology, public health, website/portal, broadband, administrative reorganization",Yes,4,,,,,,No,0,https://airtable.com/appJHkVlGCmNLPLXL/tbl77peyBYPkbWta5/viwYAhX4Sc5kZPWyx/recyLcAKwjolrgfnh,,,0,,,,,,,,No,,,,,,No,Kentucky,https://airtable.com/app93rWNIg1GnSsn6/shrWd98AFCAanlMwA/tblHLPzfWeha3r6a0/recoxdE67jTcWvd8r,"No, Vacant",2018,,Kentucky,https://airtable.com/appo1YECtG1ULR8vU/shrHWDgYfIZLVwCr3/tblwgy7p4b3lyVIdm/recHfthO9tPWGqGNq,No,,,,,KY
Louisiana,https://airtable.com/appo1YECtG1ULR8vU/shrzRBgmiSH4peNX5/tblHO0Llugn7V5hQx/recwp6Z0og0NsqVFN,"Executive Order 17-31 (2017),Executive Order 19-15 (2019)","cybersecurity,broadband","cybersecurity, broadband",Yes,2,,,,,,No,0,https://airtable.com/appJHkVlGCmNLPLXL/tbl77peyBYPkbWta5/viwYAhX4Sc5kZPWyx/recwp6Z0og0NsqVFN,,,0,,,,,,,,No,,,,,,No,Louisiana,https://airtable.com/app93rWNIg1GnSsn6/shrWd98AFCAanlMwA/tblHLPzfWeha3r6a0/recFH9NKguuhczGIG,"No, Vacant",2014,,Louisiana,https://airtable.com/appo1YECtG1ULR8vU/shrHWDgYfIZLVwCr3/tblwgy7p4b3lyVIdm/recSdNjaUPo4HyLGA,Yes,https://pelican.ots.la.gov/,Bootstrap,Yes,https://github.com/la-ots/pelican,LA
Maine,https://airtable.com/appo1YECtG1ULR8vU/shrzRBgmiSH4peNX5/tblHO0Llugn7V5hQx/recZ4rjG56FFqbljm,,,,No,0,H 1199,data governance,regulate use - government,Enacted,regulate use - government,Yes,1,https://airtable.com/appJHkVlGCmNLPLXL/tbl77peyBYPkbWta5/viwYAhX4Sc5kZPWyx/recZ4rjG56FFqbljm,,,0,,,,,,,,No,,,,,,No,Maine,https://airtable.com/app93rWNIg1GnSsn6/shrWd98AFCAanlMwA/tblHLPzfWeha3r6a0/recui9088897my4pR,"Yes, State CDO",2018,,Maine,https://airtable.com/appo1YECtG1ULR8vU/shrHWDgYfIZLVwCr3/tblwgy7p4b3lyVIdm/rechCjGfWOvXJ9up5,No,,,,,ME
Maryland,https://airtable.com/appo1YECtG1ULR8vU/shrzRBgmiSH4peNX5/tblHO0Llugn7V5hQx/recWKDxSo9SMtVajn,"Executive Order 01-01-2017-14 (2017),Executive Order 01-01-2018-02 (2018),Executive Order 01-01-2019-07 (2019),Executive Order 01-01-2021-10 (2021),Executive Order 01-01-2021-11 (2021),Executive Order 01.01.2024.25","broadband,website/portal,cybersecurity,digital identity,website/portal,digital service team","broadband, website/portal, human trafficking, cybersecurity, digital identity, website/portal, benefits/human services, digital service team, plain language",Yes,6,"H 49,H 1205,H 1390,S 818,S 1068","criminal/legal system,water/energy,education,civil rights,website/portal","regulate use - government, regulate use - government, regulate use - government, task force/working group/commission/etc, regulate use - government, oversight/governence, administrative reorganization, study, regulate use - government","Enacted,Enacted,Enacted,Enacted,Enacted","regulate use - government, regulate use - government, regulate use - government, task force/working group/commission/etc, regulate use - government, oversight/governence, administrative reorganization, study, regulate use - government",Yes,5,https://airtable.com/appJHkVlGCmNLPLXL/tbl77peyBYPkbWta5/viwYAhX4Sc5kZPWyx/recWKDxSo9SMtVajn,,,0,Maryland Digital Service (MDDS),https://airtable.com/appo1YECtG1ULR8vU/shrKcDXzyyxaGriZc/tblPnQkf81eEzg0Dx/recODUmEBse52P9Jn,Maryland Digital Service (MDDS),Department of Information Technology,"https://governor.maryland.gov/news/press/pages/governor-moore-announces-action-to-transform-maryland-executive-branch-digital-services.aspx
",Currently operational,https://digital.maryland.gov/,Yes,,,,,,No,Maryland,https://airtable.com/app93rWNIg1GnSsn6/shrWd98AFCAanlMwA/tblHLPzfWeha3r6a0/recXNTz6G5BYj76eG,"Yes, State CDO",2021,http://mgaleg.maryland.gov/mgawebsite/Laws/StatuteText?article=gsg&section=10-1501&enactments=false,Maryland,https://airtable.com/appo1YECtG1ULR8vU/shrHWDgYfIZLVwCr3/tblwgy7p4b3lyVIdm/rec1MJX3Ya63SqD9O,Yes,https://digital.maryland.gov/design-system/,USWDS,No,,MD
Massachusetts,https://airtable.com/appo1YECtG1ULR8vU/shrzRBgmiSH4peNX5/tblHO0Llugn7V5hQx/rec05lhiUp8vQxlot,"Executive Order 549 (2014),Executive Order 581 (2018)","administrative reorganization,education","administrative reorganization, information technology, procurement, education",Yes,2,"H 4932,H 4885,H 4889",public safety,"regulate use - government, regulate use - government, regulate use - private sector, study, regulate use - government, appropriation","Enacted,Enacted,Enacted","regulate use - government, regulate use - government, regulate use - private sector, study, regulate use - government, appropriation",Yes,3,https://airtable.com/appJHkVlGCmNLPLXL/tbl77peyBYPkbWta5/viwYAhX4Sc5kZPWyx/rec05lhiUp8vQxlot,,,0,Massachusetts Digital Service (Mass Digital),https://airtable.com/appo1YECtG1ULR8vU/shrKcDXzyyxaGriZc/tblPnQkf81eEzg0Dx/rec72PKFPKwZvtb5a,Massachusetts Digital Service (Mass Digital),Executive Office of Technology Services and Security,"https://malegislature.gov/Bills/190/H3731

https://malegislature.gov/Laws/SessionLaws/Acts/2017/Chapter64

https://www.mass.gov/executive-orders/no-532-enhancing-the-efficiency-and-effectiveness-of-the-executive-departments-information-technology-systems",Currently operational,https://www.mass.gov/orgs/massachusetts-digital-service,Yes,EOTSS Annual Report 2022: Digital and Data Services,https://airtable.com/appo1YECtG1ULR8vU/shrILQJaYHqoeyG4L/tblCe1MI3YpHHbuY1/recPSJj5P6KKzfkUv,https://beeckcenter.org/4ioPeyC,"Quantitative Metrics,Data Visualization,Interactive Dashboards,Case Studies",2022,Yes,Massachusetts,https://airtable.com/app93rWNIg1GnSsn6/shrWd98AFCAanlMwA/tblHLPzfWeha3r6a0/recCD05FAvQvrG48n,"Yes, State CDO",2016,https://malegislature.gov/Laws/GeneralLaws/PartI/TitleII/Chapter7D/Section4A,Massachusetts,https://airtable.com/appo1YECtG1ULR8vU/shrHWDgYfIZLVwCr3/tblwgy7p4b3lyVIdm/recj99Toi5q5fTTrK,Yes,https://mayflower.digital.mass.gov/core/index.html?path=/docs/overview-introduction--page,Lullabot,,,MA
Michigan,https://airtable.com/appo1YECtG1ULR8vU/shrzRBgmiSH4peNX5/tblHO0Llugn7V5hQx/rec6YJXHBjdlHO6sZ,"Executive Order 2016-5 (2016),Executive Order 2016-24 (2016),Executive Order 2018-2 (2018),Executive Order 2021-2 (2021),Executive Order 2021-12 (2021)","information technology,website/portal,broadband,broadband,broadband","information technology, infrastructure, website/portal, information technology, data sharing, broadband, broadband, broadband",Yes,5,"H 5141,H 5143","voting/elections,voting/elections","regulate use - government, regulate use - government","Enacted,Enacted","regulate use - government, regulate use - government",Yes,2,https://airtable.com/appJHkVlGCmNLPLXL/tbl77peyBYPkbWta5/viwYAhX4Sc5kZPWyx/rec6YJXHBjdlHO6sZ,,,0,,,,,,,,No,,,,,,No,Michigan,https://airtable.com/app93rWNIg1GnSsn6/shrWd98AFCAanlMwA/tblHLPzfWeha3r6a0/recXf6uLEqgGj3uBq,"Yes, State CDO",2023,"EO 2016-24, EO 2022-11",Michigan,https://airtable.com/appo1YECtG1ULR8vU/shrHWDgYfIZLVwCr3/tblwgy7p4b3lyVIdm/rec73PBCOrgCzpfmE,Yes,https://digitalguidelines.michigan.gov/,,,,MI
Minnesota,https://airtable.com/appo1YECtG1ULR8vU/shrzRBgmiSH4peNX5/tblHO0Llugn7V5hQx/rec7CD8lGrm31Hlif,"Executive Order 19-02 (2019),Executive Order 19-10 (2019),Executive Order 22-20 (2022)","information technology,broadband,cybersecurity","information technology, technology modernization, broadband, cybersecurity",Yes,3,S 2909,criminal/legal system,"regulate use - government, appropriation",Enacted,"regulate use - government, appropriation",Yes,1,https://airtable.com/appJHkVlGCmNLPLXL/tbl77peyBYPkbWta5/viwYAhX4Sc5kZPWyx/rec7CD8lGrm31Hlif,,,0,"""Minnesota Digital Services, Analytics, and Insights""",https://airtable.com/appo1YECtG1ULR8vU/shrKcDXzyyxaGriZc/tblPnQkf81eEzg0Dx/recvb4ryTPWC418XE,"Minnesota Digital Services, Analytics, and Insights","Department of Human Services, Office of Inspector General",,Currently operational,Systems Transformation Initiative / Minnesota Department of Human Services (mn.gov),Yes,MNIT Q2 2024 Quarterly Report,https://airtable.com/appo1YECtG1ULR8vU/shrILQJaYHqoeyG4L/tblCe1MI3YpHHbuY1/recCr5dWej2Q6L8DG,https://beeckcenter.org/4cxfVQc,"Infographics,Quantitative Metrics,Case Studies,Data Visualization",2024,Yes,Minnesota,https://airtable.com/app93rWNIg1GnSsn6/shrWd98AFCAanlMwA/tblHLPzfWeha3r6a0/rec6RnirwBEQwUrui,No,,,Minnesota,https://airtable.com/appo1YECtG1ULR8vU/shrHWDgYfIZLVwCr3/tblwgy7p4b3lyVIdm/rec3f0eEuW6Owiy0C,No,,,,,MN
Mississippi,https://airtable.com/appo1YECtG1ULR8vU/shrzRBgmiSH4peNX5/tblHO0Llugn7V5hQx/recKkORy7pLQ6h1Um,Executive Order 1456 (2020),cybersecurity,cybersecurity,Yes,1,,,,,,No,0,https://airtable.com/appJHkVlGCmNLPLXL/tbl77peyBYPkbWta5/viwYAhX4Sc5kZPWyx/recKkORy7pLQ6h1Um,,,0,,,,,,,,No,,,,,,No,Mississippi,https://airtable.com/app93rWNIg1GnSsn6/shrWd98AFCAanlMwA/tblHLPzfWeha3r6a0/recePbms64UqWZYGx,No,,,Mississippi,https://airtable.com/appo1YECtG1ULR8vU/shrHWDgYfIZLVwCr3/tblwgy7p4b3lyVIdm/rec4kNEbIiPduMyZm,No,,,,,MS
Missouri,https://airtable.com/appo1YECtG1ULR8vU/shrzRBgmiSH4peNX5/tblHO0Llugn7V5hQx/rec7C5NTkMM3EKL9k,,,,No,0,,,,,,No,0,https://airtable.com/appJHkVlGCmNLPLXL/tbl77peyBYPkbWta5/viwYAhX4Sc5kZPWyx/rec7C5NTkMM3EKL9k,,,0,,,,,,,,No,,,,,,No,Missouri,https://airtable.com/app93rWNIg1GnSsn6/shrWd98AFCAanlMwA/tblHLPzfWeha3r6a0/recMNz3syEtA64r43,"Yes, State CDO Equivalent",2023,https://www.senate.mo.gov/20info/BTS_Web/Bill.aspx?SessionType=R&BillID=29450487,Missouri,https://airtable.com/appo1YECtG1ULR8vU/shrHWDgYfIZLVwCr3/tblwgy7p4b3lyVIdm/recjLDLO3hi49d3EM,No,,,,,MO
Montana,https://airtable.com/appo1YECtG1ULR8vU/shrzRBgmiSH4peNX5/tblHO0Llugn7V5hQx/recLLMJF8qQi3TD3e,"Executive Order 10-2013 (2013),Executive Order 05-2015 (2015)","interoperability,cybersecurity","interoperability, public safety, information technology, cybersecurity",Yes,2,,,,,,No,0,https://airtable.com/appJHkVlGCmNLPLXL/tbl77peyBYPkbWta5/viwYAhX4Sc5kZPWyx/recLLMJF8qQi3TD3e,,,0,,,,,,,,No,,,,,,No,Montana,https://airtable.com/app93rWNIg1GnSsn6/shrWd98AFCAanlMwA/tblHLPzfWeha3r6a0/rectTUKX8TBHoKXhw,"Yes, State CDO",2021,,Montana,https://airtable.com/appo1YECtG1ULR8vU/shrHWDgYfIZLVwCr3/tblwgy7p4b3lyVIdm/recgZ5uDRpvSOLu5W,No,,,,,MT
Nebraska,https://airtable.com/appo1YECtG1ULR8vU/shrzRBgmiSH4peNX5/tblHO0Llugn7V5hQx/recUi0frRfc3dFjqv,,,,No,0,,,,,,No,0,https://airtable.com/appJHkVlGCmNLPLXL/tbl77peyBYPkbWta5/viwYAhX4Sc5kZPWyx/recUi0frRfc3dFjqv,,,0,,,,,,,,No,,,,,,No,Nebraska,https://airtable.com/app93rWNIg1GnSsn6/shrWd98AFCAanlMwA/tblHLPzfWeha3r6a0/reckP7rXfECdwSH3M,"Yes, State CDO",,,Nebraska,https://airtable.com/appo1YECtG1ULR8vU/shrHWDgYfIZLVwCr3/tblwgy7p4b3lyVIdm/rec3vWUNTLnv07bl7,No,,,,,NE
Nevada,https://airtable.com/appo1YECtG1ULR8vU/shrzRBgmiSH4peNX5/tblHO0Llugn7V5hQx/reci60tCyKk7o8PGx,"Executive Order 2013-10 (2013),Executive Order 2014-01 (2014),Executive Order 2015-23 (2015),Executive Order 2022-11 (2022)","website/portal,interoperability,broadband,cybersecurity","website/portal, accessibility, interoperability, public safety, information technology, broadband, cybersecurity",Yes,4,,,,,,No,0,https://airtable.com/appJHkVlGCmNLPLXL/tbl77peyBYPkbWta5/viwYAhX4Sc5kZPWyx/reci60tCyKk7o8PGx,,,0,,,,,,,,No,,,,,,No,Nevada,https://airtable.com/app93rWNIg1GnSsn6/shrWd98AFCAanlMwA/tblHLPzfWeha3r6a0/recFpJCHy28P1qRJh,"Yes, State CDO",2024,https://www.leg.state.nv.us/Session/82nd2023/Bills/SB/SB419.pdf,Nevada,https://airtable.com/appo1YECtG1ULR8vU/shrHWDgYfIZLVwCr3/tblwgy7p4b3lyVIdm/recJ8vQajzsIxUDnS,No,,,,,NV
New Hampshire,https://airtable.com/appo1YECtG1ULR8vU/shrzRBgmiSH4peNX5/tblHO0Llugn7V5hQx/rec8Y8ua8BM0WpzTK,"Executive Order 2013-07 (2013),Executive Order 2014-04 (2014),Executive Order 2016-06 (2016),Executive Order 2022-01 (2022)","technology modernization,website/portal,cybersecurity,blockchain","technology modernization, website/portal, cybersecurity, blockchain",Yes,4,H 1688,civil rights,regulate use - government,Enacted,regulate use - government,Yes,1,https://airtable.com/appJHkVlGCmNLPLXL/tbl77peyBYPkbWta5/viwYAhX4Sc5kZPWyx/rec8Y8ua8BM0WpzTK,,,0,,,,,,,,No,,,,,,No,New Hampshire,https://airtable.com/app93rWNIg1GnSsn6/shrWd98AFCAanlMwA/tblHLPzfWeha3r6a0/recRJk1Vlk8y53JIb,No,,,New Hampshire,https://airtable.com/appo1YECtG1ULR8vU/shrHWDgYfIZLVwCr3/tblwgy7p4b3lyVIdm/recivSdF3Z439mJ3t,No,,,,,NH
New Jersey,https://airtable.com/appo1YECtG1ULR8vU/shrzRBgmiSH4peNX5/tblHO0Llugn7V5hQx/recXVMszCl4DRbu4g,"Executive Order 178 (2015),Executive Order 225 (2017),Executive Order 9 (2018),Executive Order 44 (2018)","cybersecurity,administrative reorganization,net neutrality,cybersecurity","cybersecurity, data sharing, administrative reorganization, shared services, net neutrality, cybersecurity",Yes,4,S 2723,,regulate use - government,Enacted,regulate use - government,Yes,1,https://airtable.com/appJHkVlGCmNLPLXL/tbl77peyBYPkbWta5/viwYAhX4Sc5kZPWyx/recXVMszCl4DRbu4g,,,0,New Jersey Office of Innovation (NJOOI),https://airtable.com/appo1YECtG1ULR8vU/shrKcDXzyyxaGriZc/tblPnQkf81eEzg0Dx/reczaBaEqZQFcBCCT,New Jersey Office of Innovation (NJOOI),External nonprofit,https://nj.gov/governor/news/news/562018/approved/20180813a.shtml,Currently operational,https://innovation.nj.gov/about/,Yes,Impact Report 2024,https://airtable.com/appo1YECtG1ULR8vU/shrILQJaYHqoeyG4L/tblCe1MI3YpHHbuY1/rec3EE5Sr9jPlg52u,https://beeckcenter.org/4czN6mh,"Case Studies,Testimonials,Quantitative Metrics,Pull Quotes",2024,Yes,New Jersey,https://airtable.com/app93rWNIg1GnSsn6/shrWd98AFCAanlMwA/tblHLPzfWeha3r6a0/recaH5Tou7xDOGf9z,"Yes, State CDO",2015,https://pub.njleg.gov/bills/2016/S1000/727_R2.PDF,New Jersey,https://airtable.com/appo1YECtG1ULR8vU/shrHWDgYfIZLVwCr3/tblwgy7p4b3lyVIdm/recG3aIfDbWJW9vG9,Yes,https://innovation.nj.gov/app/njwds/index.html,USWDS,Yes,https://github.com/newjersey/njwds,NJ
New Mexico,https://airtable.com/appo1YECtG1ULR8vU/shrzRBgmiSH4peNX5/tblHO0Llugn7V5hQx/recEhqIUpUKCSNIGV,Executive Order 2014-001 (2014),technology modernization,"technology modernization, interoperability",Yes,1,,,,,,No,0,https://airtable.com/appJHkVlGCmNLPLXL/tbl77peyBYPkbWta5/viwYAhX4Sc5kZPWyx/recEhqIUpUKCSNIGV,,,0,,,,,,,,No,,,,,,No,New Mexico,https://airtable.com/app93rWNIg1GnSsn6/shrWd98AFCAanlMwA/tblHLPzfWeha3r6a0/rec5nECIi3bPchfPp,No,,,New Mexico,https://airtable.com/appo1YECtG1ULR8vU/shrHWDgYfIZLVwCr3/tblwgy7p4b3lyVIdm/recmFhZRAgcLadYmy,No,,,,,NM
New York,https://airtable.com/appo1YECtG1ULR8vU/shrzRBgmiSH4peNX5/tblHO0Llugn7V5hQx/rec8dWS3PEiAh2llB,"Executive Order 95 (2013),Executive Order 175 (2018)","technology modernization,net neutrality","technology modernization, net neutrality",Yes,2,A 8808,education,regulate use - government,Enacted,regulate use - government,Yes,1,https://airtable.com/appJHkVlGCmNLPLXL/tbl77peyBYPkbWta5/viwYAhX4Sc5kZPWyx/rec8dWS3PEiAh2llB,,,0,New York State Digital Service,https://airtable.com/appo1YECtG1ULR8vU/shrKcDXzyyxaGriZc/tblPnQkf81eEzg0Dx/recCAuELgQDbhuOGW,New York State Digital Service,"Office of General Services, Digital and Media Services","https://www.governor.ny.gov/sites/default/files/2023-01/2023SOTSBook.pdf

There was not a specific mandate or legislation that led to the creation of the team. When New York State hired its first Chief Digital Officer in 2013 an initial team was built to support the work. The team has grown over the years helping support ny.gov and governor.ny.gov and working with agencies to help improve their digital experience. The work is closely aligned with Governor Hochul's stated commitment to improve customer experience.",Currently operational,,Yes,"New York State Experience Summary,2021 Impact Report","https://airtable.com/appo1YECtG1ULR8vU/shrILQJaYHqoeyG4L/tblCe1MI3YpHHbuY1/rec4KS4RSFzkLukyR, https://airtable.com/appo1YECtG1ULR8vU/shrILQJaYHqoeyG4L/tblCe1MI3YpHHbuY1/recgi2l7BeBBPbPH1","https://beeckcenter.org/3Y25QF8, https://beeckcenter.org/4jgmo4J","Quantitative Metrics,Case Studies, Data Visualization,Testimonials,Case Studies,Quantitative Metrics","2023, 2021",Yes,New York,https://airtable.com/app93rWNIg1GnSsn6/shrWd98AFCAanlMwA/tblHLPzfWeha3r6a0/recz5hPVEbuhF7coz,"No, Vacant",2013,,New York,https://airtable.com/appo1YECtG1ULR8vU/shrHWDgYfIZLVwCr3/tblwgy7p4b3lyVIdm/recYVEVFblQHzdSkh,No,,,,,NY
North Carolina,https://airtable.com/appo1YECtG1ULR8vU/shrzRBgmiSH4peNX5/tblHO0Llugn7V5hQx/recG6MfoKBRBZZm7p,"Executive Order 12 (2013),Executive Order 30 (2013),Executive Order 91 (2013),Executive Order 249 (2022),Executive Order 254 (2022)","public records,administrative reorganization,broadband,interoperability,cybersecurity","public records, administrative reorganization, broadband, interoperability, technology modernization, cybersecurity",Yes,5,H 259,,"regulate use - government, appropriation",Enacted,"regulate use - government, appropriation",Yes,1,https://airtable.com/appJHkVlGCmNLPLXL/tbl77peyBYPkbWta5/viwYAhX4Sc5kZPWyx/recG6MfoKBRBZZm7p,,,0,North Carolina Digital Solutions,https://airtable.com/appo1YECtG1ULR8vU/shrKcDXzyyxaGriZc/tblPnQkf81eEzg0Dx/recT8K9gFA4VhExGp,North Carolina Digital Solutions,Department of Information Technology,https://www.ncleg.gov/EnactedLegislation/Statutes/PDF/BySection/Chapter_143B/GS_143B-1372.pdf,Currently operational,https://itservices.nc.gov/services/business-applications/digital-commons-websites;,Yes,NCDIT Annual Report ,https://airtable.com/appo1YECtG1ULR8vU/shrILQJaYHqoeyG4L/tblCe1MI3YpHHbuY1/recKJ6FuuQXnS6SuK,https://beeckcenter.org/4jAn8kH,"Case Studies,Quantitative Metrics,Infographics,Data Visualization,Testimonials",2024,Yes,North Carolina,https://airtable.com/app93rWNIg1GnSsn6/shrWd98AFCAanlMwA/tblHLPzfWeha3r6a0/rec6t90V2UuSCMGDc,"Yes, State CDO",2016,https://www.ncleg.gov/enactedlegislation/statutes/html/bysection/chapter_143b/gs_143b-1385.html,North Carolina,https://airtable.com/appo1YECtG1ULR8vU/shrHWDgYfIZLVwCr3/tblwgy7p4b3lyVIdm/recWple1ObbPGE6cq,No,,,,,NC
North Dakota,https://airtable.com/appo1YECtG1ULR8vU/shrzRBgmiSH4peNX5/tblHO0Llugn7V5hQx/recQaoeWwR9EqIgy5,Executive Order 2017-15 (2017),education,education,Yes,1,H 1003,education,"regulate use - government, regulate use - private sector, regulate use - health, study, appropriation",Enacted,"regulate use - government, regulate use - private sector, regulate use - health, study, appropriation",Yes,1,https://airtable.com/appJHkVlGCmNLPLXL/tbl77peyBYPkbWta5/viwYAhX4Sc5kZPWyx/recQaoeWwR9EqIgy5,,,0,,,,,,,,No,,,,,,No,North Dakota,https://airtable.com/app93rWNIg1GnSsn6/shrWd98AFCAanlMwA/tblHLPzfWeha3r6a0/recpt5X7lnKuuWvAm,"Yes, State CDO",2018,,North Dakota,https://airtable.com/appo1YECtG1ULR8vU/shrHWDgYfIZLVwCr3/tblwgy7p4b3lyVIdm/recnmrvwECUPJkZkM,No,,,,,ND
Northern Mariana Islands,https://airtable.com/appo1YECtG1ULR8vU/shrzRBgmiSH4peNX5/tblHO0Llugn7V5hQx/recioi9dXm7SguxjY,Executive Directive 2023-003 (2023),broadband,"broadband, administrative reorganization",Yes,1,,,,,,No,0,https://airtable.com/appJHkVlGCmNLPLXL/tbl77peyBYPkbWta5/viwYAhX4Sc5kZPWyx/recioi9dXm7SguxjY,,,0,,,,,,,,No,,,,,,No,,,Unverified,,,Northern Mariana Islands,https://airtable.com/appo1YECtG1ULR8vU/shrHWDgYfIZLVwCr3/tblwgy7p4b3lyVIdm/rec9rRVB2rg16PIKZ,Unverified,,,,,MP
Ohio,https://airtable.com/appo1YECtG1ULR8vU/shrzRBgmiSH4peNX5/tblHO0Llugn7V5hQx/recVt4IxNC3cX5uXy,"Executive Order 2018-01K (2018),Executive Order 2018-06-K (2018),Executive Order 2019-03D (2019),Executive Order 2019-15D (2019),Executive Order 2019-23D (2019),Executive Order 2022-07D (2022)","transportation/mobility,accessibility,accessibility,digital identity,interoperability,cybersecurity","transportation/mobility, accessibility, accessibility, website/portal, digital identity, website/portal, interoperability, public records, cybersecurity",Yes,6,H 110,public health,"regulate use - government, regulate use - health",Enacted,"regulate use - government, regulate use - health",Yes,1,https://airtable.com/appJHkVlGCmNLPLXL/tbl77peyBYPkbWta5/viwYAhX4Sc5kZPWyx/recVt4IxNC3cX5uXy,,,0,,,,,,,,No,,,,,,No,Ohio,https://airtable.com/app93rWNIg1GnSsn6/shrWd98AFCAanlMwA/tblHLPzfWeha3r6a0/recrstlI0R31yibA4,"Yes, State CDO",2021,https://codes.ohio.gov/ohio-revised-code/section-125.32,Ohio,https://airtable.com/appo1YECtG1ULR8vU/shrHWDgYfIZLVwCr3/tblwgy7p4b3lyVIdm/recT8cOJcVV2tKh4h,Yes,https://ux.ohio.gov/?path=/docs/homepage--docs,,,,OH
Oklahoma,https://airtable.com/appo1YECtG1ULR8vU/shrzRBgmiSH4peNX5/tblHO0Llugn7V5hQx/recfhQavXB1l0ThNc,Executive Order 2023-24 (2023),artificial intelligence,artificial intelligence,Yes,1,,,,,,No,0,https://airtable.com/appJHkVlGCmNLPLXL/tbl77peyBYPkbWta5/viwYAhX4Sc5kZPWyx/recfhQavXB1l0ThNc,,,0,,,,,,,,No,,,,,,No,Oklahoma,https://airtable.com/app93rWNIg1GnSsn6/shrWd98AFCAanlMwA/tblHLPzfWeha3r6a0/reczHM8oaLR4K6PBi,No,,,Oklahoma,https://airtable.com/appo1YECtG1ULR8vU/shrHWDgYfIZLVwCr3/tblwgy7p4b3lyVIdm/recvxJIsalQKSe7e9,Yes,https://oklahoma.gov/branding/web-design.html,,,,OK
Oregon,https://airtable.com/appo1YECtG1ULR8vU/shrzRBgmiSH4peNX5/tblHO0Llugn7V5hQx/recwUH0tbHSqA7KPk,"Executive Order 16-13 (2016),Executive Order 18-31 (2018),Executive Order 23-26 (2023)","administrative reorganization,broadband,artificial intelligence","administrative reorganization, broadband, artificial intelligence",Yes,3,,,,,,No,0,https://airtable.com/appJHkVlGCmNLPLXL/tbl77peyBYPkbWta5/viwYAhX4Sc5kZPWyx/recwUH0tbHSqA7KPk,,,0,,,,,,,,No,,,,,,No,Oregon,https://airtable.com/app93rWNIg1GnSsn6/shrWd98AFCAanlMwA/tblHLPzfWeha3r6a0/rec1rXRTAinNqQqYi,"No, Vacant",2019,https://www.oregonlegislature.gov/bills_laws/ors/ors276A.html,Oregon,https://airtable.com/appo1YECtG1ULR8vU/shrHWDgYfIZLVwCr3/tblwgy7p4b3lyVIdm/recC5HdG2YeTWjnhM,No,,,,,OR
Pennsylvania,https://airtable.com/appo1YECtG1ULR8vU/shrzRBgmiSH4peNX5/tblHO0Llugn7V5hQx/recAsqmfGQLlAI8Le,"Executive Order 2016-06 (2016),Executive Order 2016-07 (2016),Executive Order 2023-01 (2023),Executive Order 2023-07 (2023),Executive Order 2023-08 (2023),Executive Order 2023-18 (2023),Executive Order 2023-19 (2023)","administrative reorganization,interoperability,education,case/application processing,digital service team,procurement,artificial intelligence","administrative reorganization, information technology, interoperability, data sharing, education, data sharing, case/application processing, digital service team, procurement, artificial intelligence",Yes,7,,,,,,No,0,https://airtable.com/appJHkVlGCmNLPLXL/tbl77peyBYPkbWta5/viwYAhX4Sc5kZPWyx/recAsqmfGQLlAI8Le,,,0,Pennsylvania Commonwealth Office of Digital Experience (CODE PA),https://airtable.com/appo1YECtG1ULR8vU/shrKcDXzyyxaGriZc/tblPnQkf81eEzg0Dx/recxYqbVM3pBHUoXk,Pennsylvania Commonwealth Office of Digital Experience (CODE PA),Office of Administration; co-report to OIT and Governor's Office,"https://www.pa.gov/en/governor/newsroom/press-releases/governor-josh-shapiro-signs-executive-order-creating-new-commonw.html

https://code.oa.pa.gov/#accordion-107a1daa37-item-e6b3fcc817",Currently operational,https://code.oa.pa.gov/,Yes,,,,,,No,Pennsylvania,https://airtable.com/app93rWNIg1GnSsn6/shrWd98AFCAanlMwA/tblHLPzfWeha3r6a0/recBcd8a20NX6hWEK,"No, Vacant",2019,https://www.governor.pa.gov/newsroom/amended-executive-order-2016-07-open-data-data-management-and-data-governance/,Pennsylvania,https://airtable.com/appo1YECtG1ULR8vU/shrHWDgYfIZLVwCr3/tblwgy7p4b3lyVIdm/recQplA3naZLJsPbv,Yes,https://wcmauthorguide.pa.gov/en/keystone-design-system.html,,,,PA
Puerto Rico,https://airtable.com/appo1YECtG1ULR8vU/shrzRBgmiSH4peNX5/tblHO0Llugn7V5hQx/rec1j22Xa538pCwHy,,,,No,0,,,,,,No,0,https://airtable.com/appJHkVlGCmNLPLXL/tbl77peyBYPkbWta5/viwYAhX4Sc5kZPWyx/rec1j22Xa538pCwHy,,,0,,,,,,,,No,,,,,,No,,,Unverified,,,Puerto Rico,https://airtable.com/appo1YECtG1ULR8vU/shrHWDgYfIZLVwCr3/tblwgy7p4b3lyVIdm/recXAgfx6TGV9ihI4,Unverified,,,,,PR
Rhode Island,https://airtable.com/appo1YECtG1ULR8vU/shrzRBgmiSH4peNX5/tblHO0Llugn7V5hQx/recp6c3BquGW2hiqA,"Executive Order 13-01 (2013),Executive Order 15-09 (2015),Executive Order 15-10 (2015),Executive Order 15-13 (2015),Executive Order 18-02 (2018)","website/portal,agile/lean operations,cybersecurity,public health,net neutrality","website/portal, agile/lean operations, cybersecurity, public health, information technology, net neutrality",Yes,5,,,,,,No,0,https://airtable.com/appJHkVlGCmNLPLXL/tbl77peyBYPkbWta5/viwYAhX4Sc5kZPWyx/recp6c3BquGW2hiqA,,,0,Rhode Island Enterprise Technology Strategy and Services (ETSS),https://airtable.com/appo1YECtG1ULR8vU/shrKcDXzyyxaGriZc/tblPnQkf81eEzg0Dx/recb0Yx1aGl7I85s8,Rhode Island Enterprise Technology Strategy and Services (ETSS),Department of Administration,https://webserver.rilegislature.gov/Statutes/TITLE42/42-11/42-11-2.6.htm,Currently operational,https://etss.ri.gov/,Yes,,,,,,No,Rhode Island,https://airtable.com/app93rWNIg1GnSsn6/shrWd98AFCAanlMwA/tblHLPzfWeha3r6a0/rectOj8hrtYcO5DdN,"Yes, State CDO",2024,https://governor.ri.gov/executive-orders/executive-order-24-06,Rhode Island,https://airtable.com/appo1YECtG1ULR8vU/shrHWDgYfIZLVwCr3/tblwgy7p4b3lyVIdm/recvbCG157KkuAOcU,Yes,,Patternlab,Yes,https://github.com/State-of-Rhode-Island-eCMS/,RI
South Carolina,https://airtable.com/appo1YECtG1ULR8vU/shrzRBgmiSH4peNX5/tblHO0Llugn7V5hQx/recXcGPwrAwktPWVI,"Executive Order 2017-08 (2017),Executive Order 2022-03 (2022),Executive Order 2022-27 (2022)","cybersecurity,information technology,cybersecurity","cybersecurity, information technology, shared services, cybersecurity",Yes,3,,,,,,No,0,https://airtable.com/appJHkVlGCmNLPLXL/tbl77peyBYPkbWta5/viwYAhX4Sc5kZPWyx/recXcGPwrAwktPWVI,,,0,,,,,,,,No,,,,,,No,South Carolina,https://airtable.com/app93rWNIg1GnSsn6/shrWd98AFCAanlMwA/tblHLPzfWeha3r6a0/recQsNNMFAaHL5mc3,No,,,South Carolina,https://airtable.com/appo1YECtG1ULR8vU/shrHWDgYfIZLVwCr3/tblwgy7p4b3lyVIdm/recmZuFzNkYX2gonB,No,,,,,SC
South Dakota,https://airtable.com/appo1YECtG1ULR8vU/shrzRBgmiSH4peNX5/tblHO0Llugn7V5hQx/recnmqoxHKbLaPSUf,,,,No,0,,,,,,No,0,https://airtable.com/appJHkVlGCmNLPLXL/tbl77peyBYPkbWta5/viwYAhX4Sc5kZPWyx/recnmqoxHKbLaPSUf,,,0,,,,,,,,No,,,,,,No,South Dakota,https://airtable.com/app93rWNIg1GnSsn6/shrWd98AFCAanlMwA/tblHLPzfWeha3r6a0/recZzDSX9WFvYIDZD,No,,,South Dakota,https://airtable.com/appo1YECtG1ULR8vU/shrHWDgYfIZLVwCr3/tblwgy7p4b3lyVIdm/receCIAJnUAfjPY3p,No,,,,,SD
Tennessee,https://airtable.com/appo1YECtG1ULR8vU/shrzRBgmiSH4peNX5/tblHO0Llugn7V5hQx/reczOVR0ZQwD6Kesa,,,,No,0,S 1711,education,"regulate use - government, oversight/governence",Enacted,"regulate use - government, oversight/governence",Yes,1,https://airtable.com/appJHkVlGCmNLPLXL/tbl77peyBYPkbWta5/viwYAhX4Sc5kZPWyx/reczOVR0ZQwD6Kesa,,,0,,,,,,,,No,,,,,,No,Tennessee,https://airtable.com/app93rWNIg1GnSsn6/shrWd98AFCAanlMwA/tblHLPzfWeha3r6a0/recTC5L7baaGyWeAA,"Yes, State CDO Equivalent",2020,,Tennessee,https://airtable.com/appo1YECtG1ULR8vU/shrHWDgYfIZLVwCr3/tblwgy7p4b3lyVIdm/recLAMfTYzfeSawmS,No,,,,,TN
Texas,https://airtable.com/appo1YECtG1ULR8vU/shrzRBgmiSH4peNX5/tblHO0Llugn7V5hQx/rec7kfRz7ZVa1heCF,Executive Order RP-80 (2014),eligibility verification,"eligibility verification, immigration/citizenship",Yes,1,"S 64,H 2060,S 2085","blockchain,criminal/legal system","regulate use - government, regulate use - government, task force/working group/commission/etc, study, regulate use - government","Enacted,Enacted,Enacted","regulate use - government, regulate use - government, task force/working group/commission/etc, study, regulate use - government",Yes,3,https://airtable.com/appJHkVlGCmNLPLXL/tbl77peyBYPkbWta5/viwYAhX4Sc5kZPWyx/rec7kfRz7ZVa1heCF,,,0,,,,,,,,No,,,,,,No,Texas,https://airtable.com/app93rWNIg1GnSsn6/shrWd98AFCAanlMwA/tblHLPzfWeha3r6a0/rec3g2JBdFFnwtSe3,"Yes, State CDO",2015,https://capitol.texas.gov/tlodocs/86R/billtext/pdf/SB00819F.pdf#navpanes=0,Texas,https://airtable.com/appo1YECtG1ULR8vU/shrHWDgYfIZLVwCr3/tblwgy7p4b3lyVIdm/recMZRHgx77Dy5CMP,No,,,,,TX
U.S. Virgin Islands,https://airtable.com/appo1YECtG1ULR8vU/shrzRBgmiSH4peNX5/tblHO0Llugn7V5hQx/recJOvDSzok7cYnpK,,,,No,0,B 131,criminal/legal system,regulate use - government,Enacted,regulate use - government,Yes,1,https://airtable.com/appJHkVlGCmNLPLXL/tbl77peyBYPkbWta5/viwYAhX4Sc5kZPWyx/recJOvDSzok7cYnpK,,,0,,,,,,,,No,,,,,,No,,,Unverified,,,U.S. Virgin Islands,https://airtable.com/appo1YECtG1ULR8vU/shrHWDgYfIZLVwCr3/tblwgy7p4b3lyVIdm/recjE9ZONLO0PQNQI,Unverified,,,,,VI
Utah,https://airtable.com/appo1YECtG1ULR8vU/shrzRBgmiSH4peNX5/tblHO0Llugn7V5hQx/recGsyJkHrRgqNoAV,"Executive Order 2014-10 (2014),Executive Order 2023-06 (2023)","website/portal,data privacy","website/portal, data privacy",Yes,2,"H 61,H 366","public safety,criminal/legal system","regulate use - government, appropriation, regulate use - government","Enacted,Enacted","regulate use - government, appropriation, regulate use - government",Yes,2,https://airtable.com/appJHkVlGCmNLPLXL/tbl77peyBYPkbWta5/viwYAhX4Sc5kZPWyx/recGsyJkHrRgqNoAV,,,0,,,,,,,,No,,,,,,No,Utah,https://airtable.com/app93rWNIg1GnSsn6/shrWd98AFCAanlMwA/tblHLPzfWeha3r6a0/rec6qNlK8w1TGTGrB,"No, Vacant",2014,https://le.utah.gov/~2014/bills/sbillenr/sb0070.pdf,Utah,https://airtable.com/appo1YECtG1ULR8vU/shrHWDgYfIZLVwCr3/tblwgy7p4b3lyVIdm/recvftP8qyyRqpGyL,Yes,https://designsystem.utah.gov/,,Yes,https://github.com/utahdts/utah-design-system,UT
Vermont,https://airtable.com/appo1YECtG1ULR8vU/shrzRBgmiSH4peNX5/tblHO0Llugn7V5hQx/reclZJIPKcDCmTwLW,"Executive Order 02-13 (2013),Executive Order 05-13 (2013),Executive Order 06-13 (2013),Executive Order 03-17 (2017),Executive Order 04-17 (2017),Executive Order 06-17 (2017),Executive Order 18-17 (2017),Executive Order 02-18 (2018),Executive Order 05-19 (2019),Executive Order 04-21 (2021)","administrative reorganization,broadband,education,technology modernization,administrative reorganization,digital service team,cybersecurity,net neutrality,public safety,case/application processing","administrative reorganization, broadband, education, technology modernization, digital service team, administrative reorganization, digital service team, cybersecurity, net neutrality, public safety, information technology, interoperability, case/application processing, technology modernization",Yes,10,H 410,administrative reorganization,"regulate use - government, oversight/governence, study",Enacted,"regulate use - government, oversight/governence, study",Yes,1,https://airtable.com/appJHkVlGCmNLPLXL/tbl77peyBYPkbWta5/viwYAhX4Sc5kZPWyx/reclZJIPKcDCmTwLW,,,0,Vermont Agency of Digital Services,https://airtable.com/appo1YECtG1ULR8vU/shrKcDXzyyxaGriZc/tblPnQkf81eEzg0Dx/recBfef0FEbCTJphd,Vermont Agency of Digital Services,Governor's Office,"https://governor.vermont.gov/content/creation-agency-digital-services-executive-order-06-17?_gl=1*1grohix*_ga*NTM1MzEyMzI0LjE3NDUzMzAxNDk.*_ga_V9WQH77KLW*MTc0NTMzMDE1MC4xLjEuMTc0NTMzMTA1Mi4wLjAuMA..

https://digitalservices.vermont.gov/accountability/governing-statutes",Currently operational,https://digitalservices.vermont.gov/,Yes,,,,,,No,Vermont,https://airtable.com/app93rWNIg1GnSsn6/shrWd98AFCAanlMwA/tblHLPzfWeha3r6a0/recg2mJgFjIUM5838,"Yes, State CDO",2017,,Vermont,https://airtable.com/appo1YECtG1ULR8vU/shrHWDgYfIZLVwCr3/tblwgy7p4b3lyVIdm/recM1YgdcCfph9B1k,Yes,https://cmo.vermont.gov/web-design-system,,,,VT
Virginia,https://airtable.com/appo1YECtG1ULR8vU/shrzRBgmiSH4peNX5/tblHO0Llugn7V5hQx/recLvDhXtykUyBacV,"Executive Order 2-2014 (2014),Executive Order 8-2014 (2014),Executive Order 6-2015 (2015),Executive Order 39-2015 (2015),Executive Order 13-2017 (2017),Executive Order 30 (2024)","procurement,cybersecurity,cybersecurity,procurement,smart cities,artificial intelligence","procurement, information technology, cybersecurity, cybersecurity, procurement, information technology, interoperability, smart cities, artificial intelligence",Yes,6,"H 2154,H 1083,S 487,H 6001 (Special Session)","public health,education,education","regulate use - government, regulate use - private sector, oversight/governence, regulate use - health, regulate use - government, regulate use - government, regulate use - government","Enacted,Enacted,Enacted,Enacted","regulate use - government, regulate use - private sector, oversight/governence, regulate use - health, regulate use - government, regulate use - government, regulate use - government",Yes,4,https://airtable.com/appJHkVlGCmNLPLXL/tbl77peyBYPkbWta5/viwYAhX4Sc5kZPWyx/recLvDhXtykUyBacV,,,0,,,,,,,,No,,,,,,No,Virginia,https://airtable.com/app93rWNIg1GnSsn6/shrWd98AFCAanlMwA/tblHLPzfWeha3r6a0/recsZadjZ73mZGaRx,"No, Vacant",2018,https://law.lis.virginia.gov/vacode/title2.2/chapter2/section2.2-203.2:4/,Virginia,https://airtable.com/appo1YECtG1ULR8vU/shrHWDgYfIZLVwCr3/tblwgy7p4b3lyVIdm/rectaLwlmjA7OmTeW,In Development,https://www.developer.virginia.gov/,,,,VA
Washington,https://airtable.com/appo1YECtG1ULR8vU/shrzRBgmiSH4peNX5/tblHO0Llugn7V5hQx/recAJGxDcLb8RVVtz,"Executive Order 15-02 (2015),Executive Order 16-01 (2016),Executive Order 16-07 (2016),Executive Order 19-04 (2019)","voting/elections,data privacy,remote operations,technology modernization","voting/elections, website/portal, data privacy, remote operations, technology modernization",Yes,4,"S 5092,S 5693,S 5838","civil rights,labor/workforce","regulate use - government, task force/working group/commission/etc, study, audit, appropriation, regulate use - government, appropriation, study, regulate use - government, regulate use - private sector, regulate use - health, task force/working group/commission/etc, study","Enacted,Enacted,Enacted","regulate use - government, task force/working group/commission/etc, study, audit, appropriation, regulate use - government, appropriation, study, regulate use - government, regulate use - private sector, regulate use - health, task force/working group/commission/etc, study",Yes,3,https://airtable.com/appJHkVlGCmNLPLXL/tbl77peyBYPkbWta5/viwYAhX4Sc5kZPWyx/recAJGxDcLb8RVVtz,,,0,,,,,,,,No,,,,,,No,Washington,https://airtable.com/app93rWNIg1GnSsn6/shrWd98AFCAanlMwA/tblHLPzfWeha3r6a0/recNH3ydVBeMS8du4,"Yes, State CDO",2022,n/a,Washington,https://airtable.com/appo1YECtG1ULR8vU/shrHWDgYfIZLVwCr3/tblwgy7p4b3lyVIdm/recNZBK9ylXJhWmm7,No,,,,,WA
West Virginia,https://airtable.com/appo1YECtG1ULR8vU/shrzRBgmiSH4peNX5/tblHO0Llugn7V5hQx/rec1cMDhCnVEW87L7,Executive Order 3-17 (2017),cybersecurity,cybersecurity,Yes,1,"H 3214,H 5690","infrastructure,education","regulate use - government, regulate use - government, regulate use - private sector, study, task force/working group/commission/etc","Enacted,Enacted","regulate use - government, regulate use - government, regulate use - private sector, study, task force/working group/commission/etc",Yes,2,https://airtable.com/appJHkVlGCmNLPLXL/tbl77peyBYPkbWta5/viwYAhX4Sc5kZPWyx/rec1cMDhCnVEW87L7,,,0,,,,,,,,No,,,,,,No,West Virginia,https://airtable.com/app93rWNIg1GnSsn6/shrWd98AFCAanlMwA/tblHLPzfWeha3r6a0/recoVy3GKnSNZhY8M,No,,,West Virginia,https://airtable.com/appo1YECtG1ULR8vU/shrHWDgYfIZLVwCr3/tblwgy7p4b3lyVIdm/recD2VizoAFQQgC7R,No,,,,,WV
Wisconsin,https://airtable.com/appo1YECtG1ULR8vU/shrzRBgmiSH4peNX5/tblHO0Llugn7V5hQx/recsPyIphW0qt90m7,"Executive Order 2013-99 (2013),Executive Order 2020-80 (2020)","procurement,broadband","procurement, information technology, broadband",Yes,2,,,,,,No,0,https://airtable.com/appJHkVlGCmNLPLXL/tbl77peyBYPkbWta5/viwYAhX4Sc5kZPWyx/recsPyIphW0qt90m7,,,0,,,,,,,,No,,,,,,No,Wisconsin,https://airtable.com/app93rWNIg1GnSsn6/shrWd98AFCAanlMwA/tblHLPzfWeha3r6a0/recb8MSOpOo5aFG2z,No,,,Wisconsin,https://airtable.com/appo1YECtG1ULR8vU/shrHWDgYfIZLVwCr3/tblwgy7p4b3lyVIdm/recX7GwnTAlshTCT7,No,,,,,WI
Wyoming,https://airtable.com/appo1YECtG1ULR8vU/shrzRBgmiSH4peNX5/tblHO0Llugn7V5hQx/recLTRYfvoziToX3S,Executive Order 2018-2 (2018),procurement,procurement,Yes,1,,,,,,No,0,https://airtable.com/appJHkVlGCmNLPLXL/tbl77peyBYPkbWta5/viwYAhX4Sc5kZPWyx/recLTRYfvoziToX3S,,,0,,,,,,,,No,,,,,,No,Wyoming,https://airtable.com/app93rWNIg1GnSsn6/shrWd98AFCAanlMwA/tblHLPzfWeha3r6a0/recMLrHkEtfiq37lP,"Yes, State CDO",2019,https://wyoleg.gov/2012/Engross/SF0033.pdf,Wyoming,https://airtable.com/appo1YECtG1ULR8vU/shrHWDgYfIZLVwCr3/tblwgy7p4b3lyVIdm/recBKK4wXzczjwRAq,No,,,,,WY